{"cameraMode":{"drawMode":0,"name":"Shaded","section":"Shading Mode"},"sceneLighting":false,"audioPlay":false,"sceneViewState":{"m_AlwaysRefresh":false,"showFog":true,"showSkybox":false,"showFlares":true,"showImageEffects":true,"showParticleSystems":true,"showVisualEffectGraphs":true,"m_FxEnabled":true},"in2DMode":false,"pivot":{"x":-3.8975555896759035,"y":1.8515446186065674,"z":-0.05922830104827881},"rotation":{"x":-0.047235775738954547,"y":-0.9442033767700195,"z":0.15922103822231294,"w":-0.2853001058101654},"size":0.7141433358192444,"orthographic":false}